CustomerID,Name,City,SignupDate
1,erik cole,lahore,2024-04-28
2,kelly benitez,peshawar,2025-07-24
3,holly taylor,karachi,2026-03-18
4,brandy davis,karachi,
5,nicolas rivas,lahore,2024-11-29
6,scott alvarez,peshawar,2025-08-09
7,daniel king,lahore,2025-11-22
8,michelle lucas,multan,2024-03-15
9,sean neal,lahore,2024-08-19
10,jennifer davis,karachi,2024-12-22
11,george kane,faisalabad,2025-09-16
12,julia christensen,lahore,2026-04-20
13,alicia dixon,karachi,2026-05-25
14,nathan lamb,peshawar,2026-02-23
15,elizabeth harrison,faisalabad,2025-09-05
16,meghan robinson,karachi,2023-10-22
17,mark perez,faisalabad,2024-10-02
18,gregory leach,unknown,2025-12-28
19,thomas mclaughlin,unknown,2026-05-24
20,shannon chavez,peshawar,2024-01-21
21,patricia bell,islamabad,2025-05-26
22,ann jackson,karachi,2025-02-28
23,andrew johnson,unknown,2024-01-19
24,tracy brown,lahore,2023-10-09
25,brenda boone,multan,2024-05-12
26,katherine barnes,islamabad,2025-05-17
27,jack morales,faisalabad,2025-12-08
28,nicole marshall,unknown,2026-01-23
29,aaron lopez,peshawar,2024-11-25
30,patrick torres,faisalabad,2025-04-27
31,stacey clark,multan,2023-11-05
32,mrs. sierra wilson md,faisalabad,2024-01-10
33,sydney osborn,unknown,2023-08-27
34,kevin juarez,faisalabad,2025-02-18
35,jennifer davis,faisalabad,2026-04-03
36,larry roberts,peshawar,2024-09-04
37,david martin,lahore,2025-03-25
38,kimberly martin,karachi,2025-10-25
39,caitlyn perez,lahore,2023-10-18
40,john daniels,unknown,2025-06-23
41,amy hogan,multan,2024-10-10
42,william hopkins,multan,2023-11-10
43,joseph kelley,unknown,2024-12-07
44,mark perez,karachi,2025-09-20
45,aaron clark,islamabad,2025-05-29
46,christine williams,peshawar,2025-09-03
47,kendra krueger,peshawar,2023-09-10
48,stacy warren,peshawar,2024-05-05
49,kelly lewis,faisalabad,2025-05-01
50,amy hall,karachi,2023-10-24
51,christian franklin,peshawar,2025-12-11
52,terry abbott,karachi,2024-04-22
53,emily winters,multan,2025-06-06
54,nicole smith,peshawar,2025-04-08
55,kristen burton,faisalabad,2025-11-08
56,kristin roberts,peshawar,2025-01-22
57,john perry,unknown,2024-11-20
58,dr. patricia price,karachi,2025-07-08
59,rebecca ibarra,unknown,2026-05-06
60,seth white,multan,2026-03-11
61,patrick porter,lahore,2023-12-25
62,jeremy ward,faisalabad,2026-02-10
63,ryan hart,islamabad,2025-02-12
64,timothy jones,peshawar,2024-10-20
65,anthony proctor,multan,2024-04-13
66,michelle jackson,multan,2026-01-15
67,nancy jackson,islamabad,2024-09-03
68,charles liu,karachi,2024-06-11
69,wendy jones,faisalabad,2024-10-19
70,stacy mason,islamabad,2026-03-27
71,matthew romero,faisalabad,2025-06-24
72,devin roberts,faisalabad,2024-08-30
73,juan garcia,islamabad,2026-05-23
74,evelyn davis,karachi,2025-05-11
75,alicia harris,multan,2025-07-30
76,stephen bates,unknown,2024-05-26
77,andrew diaz,unknown,2024-02-24
78,dustin gutierrez,karachi,2024-09-15
79,gary warren,karachi,2026-04-19
80,jacqueline johnson,multan,2023-11-27
81,scott heath,lahore,2026-06-20
82,daniel fitzgerald,multan,2023-11-03
83,julie wright,multan,2026-04-13
84,lisa porter,islamabad,2024-03-18
85,jamie hill dds,unknown,2024-10-01
86,thomas alvarez,peshawar,2025-06-04
87,ernest roberson,lahore,2025-08-29
88,donna lin,faisalabad,2026-02-17
89,jesse turner,unknown,2025-12-10
90,casey hammond,islamabad,2024-03-04
91,teresa may,islamabad,2025-03-26
92,stacey simon,karachi,2025-05-29
93,wayne klein,lahore,2024-04-19
94,timothy dougherty,peshawar,2024-07-27
95,anthony miller,faisalabad,2025-08-16
96,timothy rose,faisalabad,2026-04-22
97,destiny gonzalez,unknown,2023-06-30
98,brandi smith,islamabad,2025-04-18
99,anthony payne,faisalabad,2024-07-27
100,patrick shannon,karachi,2023-09-29
101,james thompson,islamabad,2023-08-25
102,david carter,faisalabad,2023-12-09
103,dawn rodriguez,lahore,2025-05-04
104,wyatt holmes,islamabad,2024-07-10
105,isaac lloyd,lahore,2024-09-30
106,nicole oliver,islamabad,2023-10-14
107,emma bradshaw,karachi,2026-04-30
108,danielle avila,karachi,2024-06-27
109,crystal mclean,lahore,2024-11-15
110,teresa johnson,peshawar,2024-03-25
111,james brown,unknown,2025-06-18
112,sarah bryant,unknown,2026-05-24
113,alyssa mcmillan,unknown,2025-01-12
114,tanner navarro,karachi,2023-12-22
115,melissa kidd,multan,2026-04-03
116,david miller,karachi,2024-03-08
117,johnathan gould,faisalabad,2026-02-12
118,anthony smith,multan,2023-07-02
119,zachary bailey,faisalabad,2023-08-31
120,robert stewart,peshawar,2026-03-24
121,lisa long,peshawar,2025-10-13
122,aaron miller,multan,2025-11-22
123,alicia vargas,peshawar,2025-04-17
124,gary hammond,multan,2023-09-25
125,michael hall,multan,2023-07-16
126,joe brewer,karachi,2024-01-13
127,richard chavez,lahore,2023-08-28
128,kyle jenkins,lahore,2025-03-11
129,brenda beasley,faisalabad,2023-08-15
130,holly travis,faisalabad,2025-11-07
131,angela whitaker,lahore,2025-10-30
132,brandon marquez,peshawar,2024-05-06
133,gary bowers,lahore,2026-05-13
134,jason shepherd,lahore,2024-11-01
135,alec trevino,unknown,2025-01-04
136,jay fields,lahore,2024-02-17
137,ruth vance,karachi,2024-06-18
138,nancy maynard,peshawar,2023-09-14
139,joseph green,karachi,2026-04-11
140,megan fitzpatrick,karachi,2026-01-19
141,lisa bishop,faisalabad,2025-09-24
142,cynthia robertson,multan,2024-01-22
143,benjamin tucker,unknown,2025-10-11
144,alicia boyd,unknown,2024-05-02
145,sara waller,karachi,2023-09-17
146,bradley martin,lahore,2026-04-27
147,jacob ray,multan,2024-07-04
148,robert wells,multan,2025-02-06
149,jeffery gonzalez,multan,2023-12-12
150,jennifer terry,lahore,2023-11-15
151,michael robles,peshawar,2025-09-11
152,david crosby,lahore,2023-12-02
153,dr. jennifer martin,multan,2024-08-03
154,jerry martin,islamabad,2023-12-22
155,linda smith,karachi,2025-05-15
156,kaitlin campbell,karachi,2024-01-30
157,valerie hooper,multan,2023-11-26
158,amber higgins dds,multan,2023-08-30
159,brandon perez,islamabad,2025-08-26
160,christopher gross,karachi,2025-10-04
161,george owens,multan,2023-11-16
162,jeffrey smith,lahore,2024-10-12
163,laura gonzalez,peshawar,2024-07-30
164,tiffany owens,unknown,2025-03-15
165,tanner taylor,lahore,2023-09-26
166,amy wolfe,karachi,2025-05-13
167,cynthia douglas,multan,2024-09-15
168,erica west,karachi,2024-03-28
169,jeffrey simmons,lahore,2026-05-15
170,rebecca carter,multan,2023-06-24
171,sandra jordan,multan,2024-07-03
172,rachel foster,unknown,2025-05-09
173,joshua roberts,islamabad,2024-03-09
174,rickey williams,peshawar,2023-09-18
175,william graham,unknown,2024-02-01
176,mr. william schwartz,peshawar,2024-03-15
177,john gaines,multan,2024-08-07
178,bradley jones,karachi,2025-12-12
179,emily jackson,karachi,2024-06-29
180,jessica steele,faisalabad,2026-05-19
181,richard gonzalez,faisalabad,2023-12-13
182,ryan diaz,peshawar,2023-09-10
183,joseph smith,lahore,2026-04-28
184,robert reed,faisalabad,2024-10-29
185,teresa mejia,faisalabad,2025-05-20
186,brittney wong,karachi,2025-03-25
187,mr. mark rodriguez,faisalabad,2025-12-12
188,patrick moyer,unknown,2024-02-05
189,aaron mann,lahore,2025-09-29
190,sherri henderson,lahore,2026-04-06
191,george davis,unknown,2024-07-04
192,paul phillips,multan,2023-12-04
193,marcus anderson,faisalabad,2026-03-18
194,monica goodwin,faisalabad,2024-10-11
195,chase carey,lahore,2024-06-26
196,antonio welch,lahore,2025-05-13
197,timothy watts,peshawar,2025-09-30
198,sara evans,faisalabad,2023-11-23
199,amber burton,islamabad,2023-08-23
200,suzanne martin,karachi,2024-10-19
201,sandra johnson,peshawar,2025-09-30
202,thomas vaughn,karachi,2024-06-17
203,robert lewis,multan,2024-11-05
204,daniel mueller,peshawar,2025-07-11
205,charles carter,islamabad,2024-02-06
206,brooke jones,islamabad,2024-01-07
207,ralph mills,lahore,2023-08-08
208,douglas mathis,faisalabad,2024-03-03
209,makayla mack,lahore,2025-05-11
210,daniel warner,faisalabad,2024-11-30
211,cassandra duarte,faisalabad,2025-08-15
212,jesse ramirez,karachi,2024-04-23
213,mr. larry hutchinson phd,lahore,2026-03-26
214,george wade,islamabad,2024-05-23
215,kevin price,karachi,2025-02-04
216,christina delacruz,unknown,2024-03-11
217,matthew hudson,peshawar,2025-12-22
218,jessica cox,faisalabad,2024-12-04
219,gerald castillo,faisalabad,2024-08-28
220,john burke,peshawar,2023-09-27
221,laura bruce,islamabad,2024-09-13
222,janice huffman,lahore,2024-03-11
223,courtney wilkinson md,islamabad,2024-03-10
224,alexander bridges,lahore,2026-05-26
225,nathan simpson,faisalabad,2026-03-09
226,valerie ramirez,islamabad,2024-09-03
227,kelly rodriguez,faisalabad,2024-04-28
228,katelyn george,peshawar,2025-10-20
229,tammy parker,karachi,2025-01-27
230,debbie martinez,peshawar,2023-11-28
231,stacy jones,faisalabad,2025-01-20
232,amy wells,islamabad,2024-04-30
233,kimberly hodges,lahore,2025-08-10
234,shirley frey,multan,2025-05-29
235,laura pena,lahore,2025-09-03
236,wyatt reed,islamabad,2025-07-23
237,lynn butler,peshawar,2026-03-02
238,john camacho,karachi,2026-05-28
239,sean howard,multan,2025-05-16
240,tamara butler,peshawar,2024-08-26
241,rose brewer,faisalabad,2025-06-22
242,nicole armstrong,lahore,2025-10-11
243,rachel sparks,peshawar,2026-01-19
244,cheryl thomas,faisalabad,2024-03-02
245,brandon ellis,unknown,2023-11-21
246,tina wolfe,faisalabad,2025-09-03
247,kevin hernandez,karachi,2026-01-10
248,matthew rodriguez,karachi,2026-03-13
249,ryan figueroa,islamabad,2025-11-19
250,amber alexander,unknown,2026-01-28
251,dorothy little,islamabad,2023-06-27
252,douglas tucker,peshawar,2024-03-16
253,dr. roger lopez,peshawar,2024-10-13
254,andres wilson,islamabad,2025-06-01
255,alexis bass,unknown,2024-06-02
256,crystal garcia,faisalabad,2025-05-31
257,eric parrish,karachi,2024-08-29
258,jessica davis,unknown,2023-08-30
259,andrew garcia,unknown,2023-11-11
260,albert scott,multan,2023-11-29
261,melanie benson,karachi,2026-03-31
262,corey gray,islamabad,2025-04-07
263,donna edwards,unknown,2025-11-28
264,stephanie daniels,unknown,2025-03-03
265,phyllis schwartz,unknown,2024-06-24
266,ashley day,islamabad,2025-09-04
267,amber hill,unknown,2025-03-26
268,andrew martinez,lahore,2024-03-07
269,jason sims,unknown,2025-09-20
270,shelly jones,unknown,2024-05-25
271,kayla green,karachi,2025-07-11
272,brittany castillo,unknown,2024-02-26
273,steven peterson,islamabad,2025-11-16
274,brenda cook md,unknown,2025-06-26
275,trevor gonzalez,karachi,2023-12-29
276,james graves,peshawar,2024-03-25
277,william clark,multan,2023-06-26
278,robert luna,islamabad,2026-06-03
279,amber rodriguez,unknown,2024-03-02
280,larry clark,islamabad,2023-10-28
281,jillian mcknight,faisalabad,2024-11-04
282,veronica taylor,peshawar,2025-12-21
283,bryan smith,islamabad,2026-05-24
284,patricia frazier,lahore,2025-06-08
285,adam pratt,karachi,2025-07-06
286,bradley bailey,islamabad,2024-01-16
287,kevin strong,lahore,2023-07-18
288,frances adams,multan,2026-01-21
289,david turner,peshawar,2023-11-15
290,stephen herrera,multan,2023-10-24
291,michelle burns,faisalabad,2026-06-16
292,justin sanchez,multan,2024-07-02
293,alyssa sandoval,karachi,2026-06-21
294,paul torres,lahore,2025-07-14
295,robert bailey,multan,2025-09-10
296,christopher allen,faisalabad,2024-12-02
297,elizabeth price,peshawar,2024-11-01
298,megan mendez,peshawar,2025-02-11
299,michael williams,peshawar,2025-11-23
300,roger jones,islamabad,2025-01-27
301,robyn ortiz,lahore,2023-06-23
302,erin kane,islamabad,2026-01-07
303,william peters,islamabad,2024-06-16
304,robert rios,unknown,2024-02-18
305,sharon barnes,peshawar,2024-07-26
306,matthew johnson,faisalabad,2025-08-10
307,kari murphy,peshawar,2025-11-16
308,tiffany thomas md,islamabad,2023-07-06
309,nathan williams,peshawar,2024-04-02
310,rebecca hayes,faisalabad,2023-09-29
311,david allen,karachi,2025-09-01
312,nicholas allen,peshawar,2025-10-26
313,karen miles,peshawar,2026-03-18
314,karen anderson,karachi,2026-01-04
315,brandon gibson jr.,faisalabad,2025-04-26
316,melanie fields,multan,2024-09-10
317,melissa scott,unknown,2024-09-25
318,andrea smith,islamabad,2026-03-11
319,matthew reeves,karachi,2024-12-03
320,gary morgan,unknown,2025-10-13
321,amy george,faisalabad,2025-05-24
322,brian brown,islamabad,2025-07-30
323,catherine daugherty,multan,2024-08-31
324,amanda mcdonald,peshawar,2023-08-18
325,joshua day,faisalabad,2024-03-10
326,patricia beard,unknown,2024-03-14
327,gerald moon dvm,karachi,2025-07-22
328,mariah carroll,lahore,2023-09-24
329,meghan medina,faisalabad,2025-03-17
330,angel braun,peshawar,2025-07-13
331,mary taylor,islamabad,2026-04-29
332,claudia henderson,unknown,2025-08-10
333,richard wallace,peshawar,2024-05-27
334,carla thompson,karachi,2023-07-30
335,yvette gates,karachi,2025-04-22
336,donna barrett,lahore,2026-06-21
337,kelly green,multan,2024-03-10
338,jody myers,unknown,2024-02-11
339,randy palmer,multan,2024-10-08
340,nathan white,peshawar,2023-09-03
341,brittney benitez,karachi,2025-04-03
342,stephanie woods,peshawar,2024-04-14
343,jeffery robinson,multan,2024-09-15
344,rachel baker,karachi,2024-12-27
345,jessica galloway,peshawar,2025-06-16
346,mary ramos,lahore,2024-06-11
347,edwin calderon,unknown,2023-09-21
348,margaret walker,karachi,2024-12-13
349,ernest butler,unknown,2023-09-23
350,victor blake,faisalabad,2026-02-10
351,nicole buckley,lahore,2023-09-10
352,danielle alexander,karachi,2023-09-23
353,holly yang,multan,2025-11-20
354,richard flores,unknown,2025-01-24
355,elizabeth zimmerman,peshawar,2026-04-29
356,david lewis,faisalabad,2024-10-28
357,matthew villegas,islamabad,2025-01-08
358,matthew anderson,faisalabad,2023-08-28
359,joshua martin,faisalabad,2026-02-28
360,dustin martin,unknown,2026-01-01
361,gary rivera,multan,2024-09-30
362,joshua garrett,peshawar,2023-08-01
363,marisa lee md,multan,2025-07-14
364,brittany alvarez,unknown,2026-05-11
365,victoria bray,unknown,2025-01-09
366,richard lindsey,islamabad,2025-04-05
367,albert woods,multan,2024-07-05
368,paul wilson,karachi,2024-02-23
369,ryan williams,multan,2024-10-24
370,becky garcia,peshawar,2024-07-07
371,kathleen rogers,karachi,2026-03-02
372,kevin johnson,islamabad,2025-01-02
373,natalie adams,faisalabad,2025-11-17
374,marcus dennis,karachi,2024-12-13
375,rachel myers,karachi,2025-02-01
376,kimberly neal,peshawar,2024-07-20
377,wendy smith,peshawar,2025-05-05
378,kathryn cherry,lahore,2026-06-03
379,lindsay robertson,multan,2026-02-06
380,justin rodriguez,faisalabad,2023-12-02
381,joshua henry,multan,2024-09-14
382,michael avila,karachi,2023-07-10
383,patrick vaughn,multan,2023-10-21
384,sue brown,peshawar,2024-09-30
385,gina davis,unknown,2025-03-05
386,sierra martin,multan,2025-02-13
387,alexandria hughes,lahore,2026-06-14
388,kimberly stevens,islamabad,2025-09-07
389,luke diaz,unknown,2026-06-22
390,samuel hernandez,faisalabad,2024-02-18
391,deanna brennan,peshawar,2024-07-17
392,kevin schmidt,unknown,2026-03-13
393,crystal simmons,karachi,2023-12-21
394,david peterson,karachi,2023-08-03
395,susan fischer,multan,2026-06-14
396,jonathan adkins,lahore,2025-02-04
397,brian rogers,islamabad,2024-01-14
398,gabriel daniel,peshawar,2024-11-28
399,colin marshall,peshawar,2025-03-08
400,richard soto,unknown,2024-08-19
401,michael ward,karachi,2024-08-20
402,matthew anderson,faisalabad,2023-11-11
403,nicholas estes,multan,2024-01-14
404,kayla jackson,faisalabad,2024-10-18
405,drew wagner,lahore,2025-02-03
406,scott davies,peshawar,2026-01-28
407,katie hartman,karachi,2024-11-06
408,theresa cruz,karachi,2024-08-02
409,james tyler,islamabad,2026-06-14
410,rachel long,islamabad,2025-01-26
411,wayne nguyen,multan,2025-10-19
412,martha chen,islamabad,2023-10-22
413,martha snyder,islamabad,2026-03-21
414,paul williams,islamabad,2026-06-12
415,peter thomas,multan,2024-10-24
416,michael lowe,peshawar,2024-01-13
417,melissa crawford,lahore,2024-06-01
418,dale grant,karachi,2023-11-17
419,april barnes dds,lahore,2023-11-26
420,kimberly harris,lahore,2024-08-14
421,samuel nguyen,karachi,2024-10-13
422,sean king,unknown,2023-07-01
423,carol reed,faisalabad,2023-06-23
424,tiffany schultz,karachi,2026-04-19
425,julie smith,multan,2025-09-09
426,christopher ford,lahore,2025-02-14
427,nicholas whitney,karachi,2023-12-04
428,todd brady,peshawar,2025-06-22
429,dustin williams,unknown,2024-06-20
430,edwin smith,karachi,2025-09-12
431,james pierce dds,faisalabad,2025-09-22
432,alison wilson,peshawar,2025-10-01
433,colin jacobs,unknown,2024-04-06
434,ann morgan,islamabad,2025-06-25
435,james payne,faisalabad,2026-05-12
436,mr. dalton hansen,islamabad,2026-03-28
437,ryan davis,peshawar,2024-11-07
438,larry bailey,multan,2024-06-01
439,sarah richardson,karachi,2023-08-27
440,april garcia,faisalabad,2026-03-05
441,cindy hayes,unknown,2024-08-18
442,katherine reid,karachi,2023-12-22
443,billy kelley,peshawar,2025-10-27
444,evelyn kelley,unknown,2025-12-19
445,crystal hurley,faisalabad,2025-07-13
446,jamie glover,unknown,2026-02-13
447,nancy bowers,unknown,2024-05-17
448,jeffery rodriguez dds,islamabad,2024-12-13
449,lisa chen,multan,2025-09-12
450,corey ellis,islamabad,2026-05-23
451,brandon santos,faisalabad,2024-08-09
452,linda finley,islamabad,2026-04-28
453,joseph berg,unknown,2025-05-03
454,patrick hernandez,unknown,2024-05-03
455,cynthia thompson,lahore,2024-07-14
456,nathan padilla,islamabad,2026-02-10
457,melissa ortiz,unknown,2026-02-14
458,darrell peterson jr.,peshawar,2024-04-26
459,joseph santiago,multan,2023-08-12
460,melissa mercer,peshawar,2024-11-19
461,amber compton,peshawar,2024-07-11
462,alicia sharp,faisalabad,2024-11-21
463,austin bradley,unknown,2023-12-10
464,lisa spencer,multan,2025-05-08
465,cody james,unknown,2026-02-18
466,john west,faisalabad,2025-10-11
467,barbara jones,islamabad,2023-07-13
468,amy martinez,unknown,2024-05-25
469,suzanne woods,islamabad,2025-10-01
470,mary glass,karachi,2025-04-28
471,mary stewart,faisalabad,2024-01-24
472,angela martin,peshawar,2023-11-05
473,david singleton jr.,islamabad,2024-10-17
474,christina macias,multan,2026-03-22
475,ann price,karachi,2026-05-22
476,richard lam,karachi,2024-12-28
477,duane esparza,unknown,2024-02-09
478,ashley davis,islamabad,2026-05-16
479,christina patterson,faisalabad,2023-12-19
480,mr. joshua lara,islamabad,2023-10-10
481,donna cruz,lahore,2024-02-05
482,david richardson,karachi,2024-06-15
483,william bradford,karachi,2023-10-20
484,anthony hernandez,multan,2025-05-22
485,victoria cook,faisalabad,2023-06-25
486,lisa williams,peshawar,2026-05-17
487,michael gonzalez,peshawar,2024-02-16
488,tyler ross,multan,2024-06-19
489,nichole miller,unknown,2025-09-09
490,chelsea walker,lahore,2023-08-20
491,brian lewis,karachi,2024-03-08
492,nancy mendoza,peshawar,2025-02-24
493,joanne elliott,islamabad,2024-06-16
494,kayla sanchez,faisalabad,2024-08-12
495,terry barr,multan,2024-12-21
496,lisa suarez,faisalabad,2024-04-19
497,kim davis,multan,2024-05-10
498,larry weber,faisalabad,2025-06-12
499,rebecca chen,islamabad,2024-07-29
500,amanda johnson,multan,2025-07-22
501,james larson,islamabad,2024-07-09
502,darrell williams,karachi,2026-03-01
503,austin savage,peshawar,2026-04-10
504,kimberly richards,islamabad,2026-01-18
505,mary villarreal,peshawar,2024-05-20
506,stephanie gonzalez,unknown,2025-09-09
507,sherri martinez,karachi,2025-02-20
508,thomas riddle,karachi,2024-03-31
509,jacob butler,multan,2026-06-14
510,kevin baker,peshawar,2025-12-26
511,sarah hall,unknown,2024-07-31
512,tyler campbell,faisalabad,2025-12-18
513,gary burton,lahore,2024-07-02
514,michael roberts,islamabad,2025-12-14
515,martha martin,islamabad,2024-10-18
516,zachary snyder,islamabad,2025-08-16
517,sally williams,peshawar,2025-10-10
518,joseph chang,karachi,2024-10-13
519,jeffrey murillo,lahore,2025-09-18
520,stephanie garcia,faisalabad,2026-03-07
521,brandon mitchell,peshawar,2026-04-23
522,nichole morgan,peshawar,2023-09-17
523,melissa bennett,lahore,2026-01-26
524,benjamin rasmussen,faisalabad,2025-05-04
525,roger nichols,multan,2025-11-29
526,daniel ayers,multan,2023-08-06
527,andrew johnson,karachi,2024-06-26
528,dalton jackson,islamabad,2023-10-08
529,vanessa cox,lahore,2026-04-09
530,joseph drake,multan,2023-09-16
531,kyle boyd,lahore,2024-10-20
532,devin patterson,peshawar,2024-01-10
533,katherine cole,lahore,2025-08-12
534,tyler johnson,karachi,2025-01-03
535,jennifer schneider,islamabad,2026-03-08
536,christopher fields,karachi,2026-05-26
537,jennifer clark,faisalabad,2024-08-25
538,matthew dalton,faisalabad,2025-12-23
539,jerry browning,unknown,2025-08-29
540,jose mccall,karachi,2025-12-11
541,joanna lucas,multan,2024-04-26
542,jeff bass,multan,2025-12-03
543,david dixon,unknown,2024-10-07
544,john francis,multan,2024-07-18
545,linda peters,faisalabad,2023-09-12
546,amanda shaw,lahore,2026-01-25
547,randall santiago,peshawar,2023-10-26
548,krystal alexander,unknown,2024-08-22
549,david nguyen,peshawar,2026-04-23
550,terrence james,islamabad,2025-10-09
551,jason jones,lahore,2025-07-04
552,raymond perez,karachi,2026-02-14
553,corey singleton,faisalabad,2025-02-26
554,kathryn anderson,karachi,2025-02-18
555,christopher garcia,multan,2023-07-23
556,joshua gregory dds,peshawar,2024-09-07
557,kelsey perez,multan,2026-01-09
558,morgan martinez,lahore,2024-03-20
559,david weiss,islamabad,2023-12-14
560,robert schwartz dds,islamabad,2023-10-24
561,jennifer roach,unknown,2025-12-15
562,maria burke,lahore,2025-10-19
563,karen peterson,karachi,2023-12-26
564,robert kennedy,unknown,2025-10-16
565,adam griffith,faisalabad,2024-04-21
566,billy fowler,unknown,2023-11-28
567,michael crawford,multan,2024-02-08
568,dr. jesse jones dvm,faisalabad,2026-06-12
569,sarah robertson,peshawar,2023-09-18
570,richard bailey,islamabad,2026-05-05
571,eric sweeney,lahore,2025-02-09
572,kim gould,karachi,2024-11-26
573,justin figueroa,faisalabad,2023-12-17
574,mrs. maureen gilbert,unknown,2024-06-23
575,jenna ross,islamabad,2024-03-14
576,david newman,lahore,2025-10-15
577,april wallace,peshawar,2026-01-08
578,aaron hernandez,peshawar,2024-10-23
579,wayne hernandez,islamabad,2023-12-24
580,sarah richardson,faisalabad,2023-07-19
581,martin nelson,multan,2025-01-04
582,joyce wang,faisalabad,2025-04-01
583,danielle martin,multan,2025-11-18
584,john oliver,islamabad,2024-12-23
585,dalton patterson,islamabad,2026-01-21
586,sandra davis,lahore,2025-09-17
587,lisa roach,peshawar,2025-08-06
588,makayla garrison,faisalabad,2025-06-28
589,jeffrey boone,unknown,2024-04-02
590,sarah mathis,unknown,2023-07-06
591,sharon washington,faisalabad,2025-09-10
592,jessica lopez,unknown,2024-11-16
593,tristan jennings,multan,2025-07-07
594,jasmin kelly,peshawar,2024-01-27
595,nicole blankenship,islamabad,2026-01-17
596,melissa robles,faisalabad,2024-06-08
597,kristina moreno,peshawar,2023-10-03
598,courtney carlson,lahore,2024-08-22
599,matthew morris,islamabad,2024-04-30
600,kevin snyder,islamabad,2025-06-11
601,christopher fletcher,peshawar,2024-05-14
602,bryan berry,unknown,2023-10-16
603,melissa johnson,islamabad,2024-03-24
604,kimberly campbell,peshawar,2025-08-11
605,jeffrey case,islamabad,2023-09-25
606,theresa hogan,multan,2024-10-10
607,erin johnson,lahore,2025-11-21
608,michael navarro,lahore,2025-03-04
609,jasmin spencer,islamabad,2023-06-30
610,daniel black,lahore,2025-04-28
611,erica yang,unknown,2025-12-03
612,vincent chan,unknown,2024-12-24
613,debra summers,peshawar,2025-12-14
614,theresa sutton,multan,2025-10-25
615,kristopher scott,lahore,2024-09-21
616,cindy kim,faisalabad,2024-05-24
617,rodney brown,faisalabad,2025-04-14
618,laura johnson,peshawar,2026-03-26
619,megan jackson,unknown,2026-02-14
620,diane roberts,karachi,2024-04-29
621,shannon fowler,faisalabad,2025-05-06
622,daniel knight,islamabad,2025-07-25
623,nathaniel martin,peshawar,2025-05-03
624,dennis avery,lahore,2023-10-13
625,jeffrey rocha,peshawar,2026-03-05
626,richard morgan,unknown,2024-05-16
627,zachary charles,peshawar,2023-11-30
628,brenda jarvis,islamabad,2023-11-02
629,felicia parsons,lahore,2023-09-13
630,james henry,multan,2023-10-22
631,melanie wall,karachi,2023-10-14
632,ian payne,multan,2025-08-29
633,robin johnson,peshawar,2026-02-27
634,evan allen,multan,2023-08-10
635,lisa rivera,islamabad,2025-08-04
636,megan hood,peshawar,2024-07-02
637,nathan miller,multan,2026-04-11
638,michael gutierrez,multan,2024-03-03
639,william oconnor,multan,2026-06-22
640,robert jackson,karachi,2025-02-20
641,kimberly lamb,karachi,2025-02-22
642,stephen perez,faisalabad,2023-11-01
643,tony king,karachi,2025-11-09
644,jacqueline pineda,islamabad,2025-04-25
645,laura stewart,islamabad,2024-07-14
646,richard smith,islamabad,2023-11-05
647,harold johnson,islamabad,2024-09-13
648,brian lee,islamabad,2025-04-10
649,david rogers,faisalabad,2026-01-16
650,joseph brown,multan,2023-11-23
651,anita frazier,multan,2023-12-07
652,jonathan grant,multan,2025-06-22
653,jonathan dickerson,islamabad,2024-08-22
654,ashley boone,unknown,2025-01-11
655,joseph white,multan,2024-10-31
656,beverly brown,islamabad,2024-09-22
657,joshua berger,peshawar,2025-10-12
658,kimberly mooney,faisalabad,2026-01-28
659,jonathan wiley,karachi,2025-10-26
660,adam freeman,lahore,2026-01-25
661,cody hart,peshawar,2024-06-01
662,lisa paul,peshawar,2025-02-11
663,caitlin yang,multan,2026-05-26
664,timothy jones,unknown,2024-01-25
665,jamie lee,karachi,2023-08-16
666,rick haynes,lahore,2024-02-24
667,hector thompson,faisalabad,2026-03-25
668,chelsea vincent,islamabad,2024-12-08
669,jennifer oneal,unknown,2024-05-03
670,fernando pratt,lahore,2025-08-05
671,andrew walter,multan,2026-03-16
672,paul dixon,peshawar,2025-06-14
673,michael underwood,multan,2026-02-06
674,michael horton,karachi,2026-01-09
675,shannon gomez,multan,2025-06-08
676,katie gordon,islamabad,2025-08-28
677,krystal rodriguez,peshawar,2023-07-05
678,joseph murphy,peshawar,2025-12-17
679,victoria meyers,unknown,2024-09-09
680,maria arias,unknown,2025-07-04
681,scott mccullough,unknown,2026-05-21
682,emily moore,multan,2023-07-19
683,laura rios,peshawar,2024-05-10
684,kimberly cervantes,unknown,2024-01-19
685,sean sanchez,unknown,2024-10-26
686,edwin brown,lahore,2025-05-12
687,george mccoy,lahore,2025-12-16
688,karen murphy,peshawar,2024-06-26
689,jonathan melton,islamabad,2024-12-09
690,corey mccann,peshawar,2026-02-06
691,diane ellis,multan,2023-12-07
692,mason daniels,unknown,2025-11-25
693,pamela carter,peshawar,2024-11-04
694,denise miller,multan,2024-05-25
695,jordan medina,peshawar,2026-06-13
696,paul miller,lahore,2025-03-26
697,linda brown,islamabad,2025-07-05
698,kimberly jones,islamabad,2025-01-08
699,lindsey bennett,islamabad,2025-05-07
700,deborah jones,karachi,2023-09-30
701,sandra alexander,faisalabad,2026-02-26
702,garrett huber,faisalabad,2026-05-31
703,jason williams,unknown,2026-03-11
704,john mckinney,karachi,2024-05-23
705,cassidy shannon,lahore,2025-05-18
706,tyler green,unknown,2024-05-15
707,jonathan sanchez,faisalabad,2024-08-25
708,debbie ward,karachi,2023-10-23
709,brian brennan,faisalabad,2025-09-18
710,shannon alvarez,karachi,2023-08-19
711,kevin mathews,peshawar,2023-08-24
712,colleen hancock,multan,2023-10-10
713,leah russell dvm,peshawar,2024-06-23
714,kathryn sawyer,unknown,2024-02-22
715,nathaniel short,islamabad,2024-06-24
716,angela fowler,faisalabad,2026-02-01
717,melissa allen,lahore,2024-11-05
718,timothy collins,islamabad,2024-02-08
719,tammy harper,islamabad,2025-11-19
720,daniel lewis,multan,2025-03-15
721,albert branch,islamabad,2025-10-08
722,heather neal,unknown,2025-06-05
723,eric gates,karachi,2024-08-06
724,victoria cardenas,unknown,2023-07-27
725,teresa johnson,lahore,2026-06-09
726,kayla olson,multan,2024-01-31
727,stephen burns,islamabad,2024-04-03
728,christine smith,islamabad,2023-07-17
729,dawn bowen,islamabad,2024-07-23
730,lisa garza,unknown,2024-03-06
731,mr. tyler joseph md,multan,2026-05-26
732,cassie donovan,lahore,2025-10-04
733,samuel weiss,unknown,2023-12-23
734,randall eaton,unknown,2025-09-17
735,audrey morrison,lahore,2025-11-03
736,henry riddle,peshawar,2026-05-10
737,rebecca horton,unknown,2025-11-08
738,carlos rogers,unknown,2025-06-15
739,anthony thompson,faisalabad,2023-11-29
740,brenda brooks,karachi,2023-09-05
741,steven wilkinson,karachi,2025-10-28
742,dean estrada,islamabad,2024-01-09
743,erin blankenship,unknown,2023-08-30
744,christopher travis,unknown,2026-04-11
745,catherine houston,peshawar,2026-04-17
746,david roach,peshawar,2026-06-22
747,jonathan calhoun,peshawar,2025-07-14
748,megan pearson,lahore,2024-10-31
749,mark jackson,unknown,2025-10-09
750,kevin morales,lahore,2024-08-07
751,allison flowers,islamabad,2026-02-27
752,robin arroyo,karachi,2025-11-05
753,kirk leach,islamabad,2025-01-18
754,ms. mary ortiz,peshawar,2026-05-12
755,melissa gomez,karachi,2024-02-22
756,karen rogers,karachi,2025-12-17
757,amy day,islamabad,2024-07-21
758,thomas matthews,faisalabad,2023-07-24
759,ryan raymond,unknown,2026-02-11
760,anthony banks,islamabad,2023-07-04
761,jeffrey silva,unknown,2024-03-01
762,margaret fernandez,peshawar,2024-12-09
763,rachel simmons,unknown,2025-04-06
764,debbie strickland,multan,2023-11-26
765,robert king,karachi,2025-09-26
766,deanna foster,unknown,2026-03-31
767,debra sparks,peshawar,2024-01-18
768,hannah sellers,multan,2026-01-08
769,janet miller md,islamabad,2024-11-01
770,tammy marquez phd,unknown,2024-11-23
771,krista simpson,lahore,2024-09-04
772,daniel thompson,faisalabad,2025-05-09
773,ann ball,multan,2025-06-02
774,jessica vaughn,peshawar,2025-07-23
775,katrina williams,peshawar,2023-08-04
776,david fuller,faisalabad,2025-01-03
777,daniel bennett,unknown,2025-10-27
778,bill farmer,islamabad,2025-11-25
779,theresa sims,peshawar,2025-05-29
780,john morris,multan,2026-03-10
781,hunter hanson,faisalabad,2023-07-11
782,karen gibson,islamabad,2025-09-05
783,mary myers,karachi,2026-02-05
784,lauren woods,lahore,2023-07-23
785,kelli thomas,unknown,2024-11-23
786,lisa conley,peshawar,2024-02-03
787,taylor holmes,peshawar,2024-08-19
788,jonathan hughes,lahore,2025-04-27
789,scott pugh,lahore,2025-06-20
790,derek harris,islamabad,2025-09-11
791,alicia oliver,lahore,2025-07-10
792,charles fisher,karachi,2023-10-04
793,peter jimenez,karachi,2025-08-27
794,kari greene,multan,2024-10-09
795,thomas dawson,peshawar,2024-02-20
796,thomas miller,peshawar,2025-09-03
797,robert gonzales,multan,2024-10-18
798,chelsea ramos,peshawar,2024-05-09
799,timothy mills,karachi,2026-02-01
800,alexis hamilton,peshawar,2026-02-26
801,jerome johnson dds,unknown,2025-02-13
802,hannah howard,faisalabad,2023-06-25
803,lindsey wise,islamabad,2025-08-06
804,stephen lewis,peshawar,2025-11-09
805,todd jordan,karachi,2025-03-06
806,daniel moore,multan,2025-06-10
807,jordan martinez,unknown,2024-01-06
808,cody rodriguez,lahore,2024-09-03
809,julie dougherty,islamabad,2024-04-24
810,edward kelly,peshawar,2025-07-05
811,kathryn johnson,lahore,2024-12-06
812,brent meyer,islamabad,2025-07-20
813,ray boyd,lahore,2025-05-29
814,dwayne lee,lahore,2025-03-12
815,cory owens,karachi,2023-07-21
816,holly harrison,peshawar,2023-08-27
817,jordan webb,lahore,2025-02-28
818,brian stout,unknown,2025-11-10
819,kelly briggs,karachi,2023-12-06
820,corey smith,unknown,2024-06-20
821,ann turner,karachi,2026-05-06
822,tracy church,unknown,2023-12-31
823,allison brown,karachi,2024-03-23
824,jennifer potts,karachi,2024-06-14
825,holly dixon,islamabad,2026-02-16
826,diane gonzalez dvm,unknown,2024-12-05
827,andrew logan,lahore,2026-02-02
828,cindy jarvis,unknown,2025-05-16
829,tamara gonzalez,karachi,2026-04-23
830,mary griffin,islamabad,2026-01-11
831,ryan hogan,lahore,2025-12-30
832,amber schmidt,unknown,2025-06-22
833,angel hernandez,karachi,2025-05-17
834,katherine curtis,islamabad,2024-04-21
835,lance conner,faisalabad,2025-04-15
836,deborah peterson,lahore,2023-09-21
837,michael hodge,islamabad,2025-08-22
838,michael lewis,karachi,2023-08-28
839,erica vargas,multan,2024-02-20
840,patricia taylor,lahore,2023-11-08
841,gerald lopez,lahore,2023-09-14
842,donald hoffman,multan,2026-03-02
843,nancy graham,faisalabad,2023-12-06
844,john wilson,lahore,2025-11-05
845,rodney padilla,faisalabad,2023-11-21
846,jason parker,faisalabad,2023-12-09
847,megan mcguire,peshawar,2024-03-09
848,hannah kelly,faisalabad,2024-01-28
849,robert myers,multan,2026-01-14
850,eric moran,lahore,2026-01-05
851,amy flores,multan,2023-07-16
852,mercedes carter,multan,2025-06-16
853,melinda richards,lahore,2024-01-07
854,laura bailey,peshawar,2024-10-01
855,gregory monroe,lahore,2023-11-06
856,kyle simmons,islamabad,2025-06-19
857,danielle carroll,karachi,2025-06-28
858,jenna pena,karachi,2025-02-15
859,garrett allen,faisalabad,2023-10-05
860,jenna barron,faisalabad,2025-10-21
861,juan smith,peshawar,2024-12-26
862,michael smith,multan,2026-06-22
863,mrs. olivia walsh,faisalabad,2025-05-24
864,phillip coleman,multan,2024-04-02
865,thomas crawford,faisalabad,2025-02-12
866,kevin austin,lahore,2023-09-30
867,michelle pena,lahore,2024-03-25
868,leslie rhodes,peshawar,2024-03-05
869,lance maddox,peshawar,2025-02-23
870,ashley powell,multan,2023-12-08
871,jeremy adams,karachi,2024-08-12
872,elizabeth walker,islamabad,2024-09-01
873,robert davis,multan,2025-03-29
874,duane smith,peshawar,2026-04-16
875,mary thomas,islamabad,2026-01-30
876,stephen sims,islamabad,2024-09-09
877,james maldonado,islamabad,2026-03-24
878,eric davis,karachi,2025-06-28
879,patricia collier,multan,2024-09-01
880,mrs. crystal wilson,lahore,2023-06-24
881,jonathan wiley,lahore,2024-02-02
882,megan walsh,lahore,2024-09-17
883,ryan evans,peshawar,2026-05-07
884,scott lopez,unknown,2023-11-22
885,paula raymond,faisalabad,2025-04-30
886,nancy abbott,faisalabad,2023-11-14
887,christopher ruiz,faisalabad,2025-09-05
888,lauren james,peshawar,2025-07-22
889,christopher walker,multan,2024-04-17
890,penny west,unknown,2024-08-30
891,devin mitchell,unknown,2023-11-05
892,cheryl jackson,unknown,2023-09-27
893,jason stewart,lahore,2023-10-17
894,donna parker,faisalabad,2024-09-02
895,matthew robertson,islamabad,2023-07-16
896,jenna anderson,faisalabad,2024-01-07
897,dr. kimberly griffin,karachi,2026-04-30
898,randy dawson,peshawar,2025-09-07
899,valerie hernandez,karachi,2024-01-25
900,frank wong,islamabad,2023-10-18
901,william reese,islamabad,2023-10-10
902,linda wallace,unknown,2026-05-22
903,erica brady,faisalabad,2026-04-07
904,adrian rogers,unknown,2025-06-30
905,suzanne cole,unknown,2024-08-12
906,ryan cabrera,unknown,2026-05-23
907,alyssa bailey,faisalabad,2025-04-25
908,johnny davis,peshawar,2025-09-04
909,donald baker md,lahore,2025-07-14
910,patrick campbell,peshawar,2023-11-12
911,debra nguyen,islamabad,2026-02-16
912,william solis dds,karachi,2026-04-09
913,courtney rhodes,peshawar,2026-01-09
914,catherine miller,islamabad,2023-07-12
915,diamond rhodes,lahore,2025-05-15
916,emily thompson,unknown,2024-03-12
917,andrea hubbard,faisalabad,2025-07-10
918,dominique thomas,multan,2024-08-14
919,james johnson,karachi,2023-11-30
920,jordan rodriguez,peshawar,2024-09-11
921,yvonne hudson,lahore,2026-05-14
922,victoria wilson,faisalabad,2024-08-22
923,jason miller,multan,2026-06-12
924,aaron haynes,multan,2025-05-20
925,mrs. suzanne jones md,karachi,2025-11-10
926,tanya king,islamabad,2023-11-12
927,mark marquez,islamabad,2023-09-01
928,michael warren,faisalabad,2024-07-11
929,andre price,lahore,2026-01-30
930,sherry hughes,karachi,2025-02-04
931,monica wise,lahore,2023-10-01
932,michael castro,lahore,2024-09-12
933,kristen glenn,multan,2026-04-07
934,norma mejia,multan,2025-01-19
935,amber wood,faisalabad,2026-03-02
936,isaiah smith,multan,2024-07-27
937,russell smith,karachi,2025-07-26
938,robert brown,lahore,2023-12-07
939,betty martinez,multan,2025-05-26
940,caitlin collins,islamabad,2023-08-08
941,jesse soto,peshawar,2026-01-12
942,leslie gutierrez,multan,2023-07-26
943,cody williams,peshawar,2024-01-20
944,grant stevens,lahore,2026-01-01
945,jason hart,multan,2024-04-04
946,clifford adams,lahore,2024-09-02
947,guy frank,karachi,2025-09-21
948,barbara clay,karachi,2024-06-05
949,vincent shepard,unknown,2025-01-04
950,lauren kirk,islamabad,2024-02-14
951,larry fisher,lahore,2024-02-17
952,sheri greene,multan,2024-08-03
953,leah mendoza,multan,2025-05-12
954,rebecca rogers,karachi,2024-07-06
955,troy leblanc,faisalabad,2025-08-02
956,tyler flores,karachi,2025-06-27
957,danielle marsh,faisalabad,2025-08-31
958,heather castro,unknown,2026-01-06
959,michele reilly,lahore,2025-07-14
960,jason schultz,unknown,2023-11-02
961,grace spears,lahore,2024-01-22
962,george tran,lahore,2024-11-05
963,john higgins,lahore,2025-05-15
964,caitlin miller,faisalabad,2025-08-13
965,curtis henderson,faisalabad,2025-10-02
966,molly petersen,peshawar,2026-06-05
967,austin gutierrez,multan,2025-03-09
968,joseph jensen,lahore,2023-07-30
969,robert dennis,lahore,2024-06-18
970,bridget barnett,karachi,2025-11-17
971,faith hart,multan,2024-08-30
972,briana davis,islamabad,2026-06-02
973,vanessa martin,multan,2024-10-06
974,mr. julian willis,karachi,2026-01-29
975,lynn tucker,faisalabad,2023-08-24
976,leslie campbell,faisalabad,2024-10-08
977,peter calderon,multan,2025-08-13
978,dan carroll,peshawar,2025-05-31
979,larry young,karachi,2024-11-13
980,angela gomez,unknown,2025-04-22
981,scott scott,lahore,2025-12-08
982,melissa greer,peshawar,2023-08-27
983,ian parsons,faisalabad,2025-01-04
984,stephen saunders,karachi,2025-04-28
985,michael conley,islamabad,2023-08-06
986,heather woods,unknown,2024-09-02
987,kimberly page,unknown,2025-12-21
988,sarah norman,karachi,2025-03-16
989,melinda mayer,karachi,2024-03-26
990,amanda mclaughlin,karachi,2024-08-17
991,dawn washington,faisalabad,2025-03-14
992,robert peterson,unknown,2024-09-19
993,jason garcia,lahore,2024-10-09
994,samuel miller,unknown,2024-10-19
995,michelle edwards,multan,2026-02-26
996,stephen webb,unknown,2024-12-04
997,kathryn leonard,unknown,2026-04-03
998,charlotte roy,multan,2024-04-30
999,jacqueline sweeney,faisalabad,2025-03-20
1000,richard lawson,peshawar,2023-12-09
1001,kayla schultz,islamabad,2025-01-07
1002,destiny mills,islamabad,2024-07-22
1003,jason perez,multan,2026-01-17
1004,hunter thornton,multan,2026-04-01
1005,chloe allen,peshawar,2024-12-09
1006,michael fields,unknown,2025-05-25
1007,charles thomas,faisalabad,2025-07-02
1008,michelle henderson,islamabad,2025-07-20
1009,brandon walters,lahore,2024-03-04
1010,megan james,multan,2025-08-14
1011,nicole hill,lahore,2024-10-12
1012,michele cain,islamabad,2026-01-25
1013,theresa holmes,lahore,2025-10-18
1014,michelle thomas,unknown,2023-12-29
1015,jeremy hughes,faisalabad,2023-07-31
1016,summer villegas,faisalabad,2026-03-09
1017,zachary mosley,multan,2026-04-17
1018,christine christensen,faisalabad,2025-02-13
1019,austin king,lahore,2023-06-30
1020,tiffany mclaughlin,unknown,2024-09-10
1021,courtney santos,peshawar,2023-07-27
1022,michelle ibarra,islamabad,2024-01-16
1023,randy morgan,multan,2024-02-18
1024,ann gray,karachi,2025-11-04
1025,heather diaz,multan,2023-09-22
1026,emily valenzuela,unknown,2025-03-31
1027,kenneth beasley,peshawar,2024-05-09
1028,sharon erickson,faisalabad,2023-10-28
1029,david rodriguez,karachi,2025-02-02
1030,mark reyes,karachi,2025-04-24
1031,johnny joseph,multan,2024-03-12
1032,michelle morales,faisalabad,2023-07-30
1033,russell robinson,faisalabad,2024-03-02
1034,jessica phillips,islamabad,2025-08-16
1035,eric martinez,islamabad,2025-02-01
1036,kristy wilson,multan,2026-05-06
1037,erica curtis,peshawar,2025-07-06
1038,sylvia case,lahore,2024-04-04
1039,casey washington,peshawar,2026-06-08
1040,david gallagher,lahore,2023-12-12
1041,jeffrey edwards,lahore,2024-03-20
1042,robert rogers,peshawar,2025-08-30
1043,veronica smith,islamabad,2025-08-18
1044,robert williams,peshawar,2026-03-17
1045,joseph banks,faisalabad,2023-08-17
1046,alexa blanchard,islamabad,2025-08-16
1047,matthew rocha,faisalabad,2025-09-21
1048,andrea gould,karachi,2026-05-31
1049,george herrera,islamabad,2025-04-08
1050,ms. donna davis dvm,peshawar,2024-11-05
1051,kyle bryant,multan,2024-06-21
1052,ronald sanders,faisalabad,2023-12-04
1053,lisa robinson,lahore,2024-11-08
1054,rachel collins,faisalabad,2024-03-22
1055,stacy erickson,peshawar,2023-11-18
1056,joseph horton,unknown,2026-04-12
1057,billy jackson,peshawar,2024-09-23
1058,anna mccarthy,unknown,2025-03-24
1059,laura hughes,peshawar,2024-04-03
1060,anita walker,lahore,2023-07-31
1061,jennifer walker,peshawar,2026-04-13
1062,monica sanders,faisalabad,2023-10-26
1063,james sexton,lahore,2024-12-19
1064,megan butler,islamabad,2025-09-24
1065,barbara payne,karachi,2025-12-27
1066,nicole williams,unknown,2024-04-17
1067,kayla flores,karachi,2026-03-15
1068,kathryn alexander,karachi,2024-06-10
1069,courtney barajas,lahore,2025-12-19
1070,mary walker,unknown,2024-09-21
1071,samuel smith,faisalabad,2023-07-18
1072,benjamin oconnor,unknown,2024-02-25
1073,colin henry,faisalabad,2025-05-01
1074,mrs. sierra lewis md,peshawar,2024-02-19
1075,tammy hernandez,unknown,2026-04-18
1076,keith stone,karachi,2024-02-26
1077,michelle maxwell,multan,2025-10-14
1078,frank newman,karachi,2024-09-14
1079,brian lopez,unknown,2025-07-11
1080,charles mclean,unknown,2025-04-17
1081,chelsea jones,unknown,2023-08-04
1082,gary johnson,peshawar,2025-12-06
1083,cynthia cruz,lahore,2023-07-18
1084,ronald kelly,islamabad,2023-08-17
1085,latoya lewis,peshawar,2023-08-10
1086,katherine cook,multan,2024-02-11
1087,mrs. mia jenkins dds,islamabad,2023-07-02
1088,angela chavez,unknown,2024-07-30
1089,monica harris,karachi,2024-09-14
1090,stefanie waters,karachi,2025-05-11
1091,nicole lopez,unknown,2025-05-30
1092,randy horne,unknown,2025-05-29
1093,angelica baker,islamabad,2023-07-08
1094,summer burnett dds,faisalabad,2024-04-20
1095,timothy valdez,multan,2023-09-30
1096,michelle carter,unknown,2024-03-25
1097,patricia brock,faisalabad,2026-05-07
1098,kelsey neal,multan,2025-11-22
1099,richard ortiz,unknown,2024-11-24
1100,matthew taylor,unknown,2026-03-06
1101,dr. luis brown,karachi,2025-09-20
1102,beverly williams,lahore,2024-12-06
1103,jessica chambers,multan,2024-05-26
1104,brent frost,faisalabad,2025-03-10
1105,austin hayden,peshawar,2024-07-24
1106,david carr,unknown,2026-04-10
1107,michael cantu,islamabad,2023-09-13
1108,michelle liu,unknown,2023-10-15
1109,scott wheeler,islamabad,2025-12-07
1110,julie burke,faisalabad,2025-03-01
1111,jason dixon,unknown,2025-03-03
1112,shannon shepherd,lahore,2023-10-16
1113,sabrina rogers,unknown,2025-09-23
1114,james roy,islamabad,2026-02-04
1115,keith taylor,multan,2024-10-08
1116,kelsey curtis,multan,2023-12-20
1117,stephanie jones,islamabad,2025-06-22
1118,walter wood,multan,2025-01-15
1119,kimberly pugh,islamabad,2024-02-16
1120,haley perez,lahore,2024-02-22
1121,tracey lucero,lahore,2026-03-08
1122,david shaw,peshawar,2024-03-03
1123,harold green,unknown,2023-11-11
1124,heidi lee,karachi,2026-04-24
1125,tanya cabrera,islamabad,2023-12-01
1126,darryl henderson md,peshawar,2023-12-23
1127,adam brown,unknown,2025-03-03
1128,christopher miller,multan,2023-08-28
1129,adam long,faisalabad,2023-07-09
1130,lisa sanders,lahore,2025-04-12
1131,taylor mckinney,islamabad,2025-04-28
1132,brenda perry,unknown,2024-04-22
1133,chad green,faisalabad,2024-12-13
1134,brittany lee,faisalabad,2024-06-14
1135,ashley forbes,multan,2023-07-10
1136,ann dunn,unknown,2025-01-10
1137,clinton bush,karachi,2025-02-04
1138,hailey beck,lahore,2024-09-18
1139,maria white,karachi,2025-04-09
1140,kyle mclean,peshawar,2026-01-14
1141,kelly fernandez,multan,2024-09-11
1142,david martin,lahore,2026-01-03
1143,cathy conner,faisalabad,2024-09-20
1144,kimberly delgado,lahore,2023-11-14
1145,gary hernandez,faisalabad,2024-07-08
1146,tina thompson,karachi,2025-12-07
1147,brian heath,karachi,2024-05-23
1148,amanda vaughn,multan,2024-06-26
1149,jason robinson,faisalabad,2025-08-02
1150,kenneth burgess,karachi,2023-09-21
1151,phillip myers,multan,2025-03-20
1152,samuel park,peshawar,2025-01-23
1153,adam herrera,lahore,2023-08-03
1154,mark banks,islamabad,2026-01-19
1155,jessica castro,faisalabad,2025-11-25
1156,nicholas taylor,faisalabad,2023-08-20
1157,james schmitt,faisalabad,2023-12-13
1158,maria farmer,multan,2025-06-05
1159,madison davis,lahore,2026-02-11
1160,derek hall,multan,2023-06-28
1161,barbara zamora,islamabad,2024-11-03
1162,robert meadows,lahore,2025-08-06
1163,kristin berry,unknown,2025-03-05
1164,heather haynes,islamabad,2025-10-01
1165,sarah leach,peshawar,2026-06-08
1166,scott crawford,peshawar,2024-12-19
1167,phillip martinez,unknown,2024-11-02
1168,maureen thomas,peshawar,2024-10-06
1169,peter young,karachi,2024-11-06
1170,dale hall,islamabad,2025-07-21
1171,barbara reynolds,islamabad,2023-11-03
1172,thomas levy,karachi,2026-03-14
1173,daniel frazier,multan,2024-04-20
1174,john cortez,multan,2024-10-23
1175,marissa franco,karachi,2025-10-03
1176,taylor reyes,lahore,2025-09-01
1177,kim moody,unknown,2025-01-02
1178,kathleen young,lahore,2025-10-27
1179,joseph simmons,karachi,2024-03-13
1180,mason johnson,unknown,2026-03-14
1181,lori carlson,lahore,2023-12-21
1182,jacqueline ortiz,islamabad,2023-09-06
1183,ebony rodriguez,multan,2025-10-13
1184,tommy deleon,multan,2023-08-23
1185,jamie martin,lahore,2025-08-18
1186,eric lopez,karachi,2025-12-23
1187,maureen hale,islamabad,2024-02-04
1188,linda byrd,unknown,2025-02-28
1189,anthony carpenter,islamabad,2026-06-01
1190,scott paul,lahore,2023-10-22
1191,james clarke,multan,2024-10-10
1192,natalie hall,peshawar,2024-01-13
1193,peggy cruz,multan,2024-09-24
1194,katie erickson,karachi,2023-07-05
1195,alexis lewis,peshawar,2024-08-13
1196,katherine steele,islamabad,2026-06-21
1197,hayley morrison,islamabad,2025-01-05
1198,lisa short,peshawar,2025-09-05
1199,cynthia cruz,lahore,2025-06-01
1200,mark williams,faisalabad,2026-02-13
1201,heather mckay,faisalabad,2026-06-16
1202,kevin holt,islamabad,2024-01-13
1203,sandra reyes,lahore,2025-09-02
1204,john thompson,peshawar,2023-09-28
1205,jonathan singh,islamabad,2024-12-14
1206,shannon wells,faisalabad,2024-04-05
1207,kimberly gray,multan,2026-06-11
1208,caitlyn cobb,peshawar,2024-03-10
1209,leslie montoya,islamabad,2023-12-26
1210,matthew ward,lahore,2026-06-03
1211,rebecca hawkins,unknown,2025-04-26
1212,cory phillips,faisalabad,2026-02-19
1213,robert becker,islamabad,2025-05-26
1214,frank thomas,unknown,2026-06-19
1215,daniel willis,lahore,2024-10-28
1216,christine duran,peshawar,2025-01-26
1217,amanda leblanc phd,islamabad,2024-01-09
1218,barbara reed,unknown,2024-10-23
1219,amy watson,peshawar,2025-09-06
1220,janice archer,lahore,2025-06-12
1221,benjamin cook,unknown,2025-02-07
1222,donna mckenzie,peshawar,2025-09-08
1223,tommy holland,lahore,2025-10-03
1224,linda johnson,lahore,2024-10-03
1225,pamela johnson,unknown,2024-06-12
1226,david clayton,islamabad,2024-08-17
1227,david lopez,multan,2025-09-02
1228,dale smith,lahore,2025-03-06
1229,kimberly spencer,karachi,2026-05-20
1230,cindy green,multan,2023-07-21
1231,andrew kerr,islamabad,2025-01-31
1232,harold mahoney,unknown,2024-01-11
1233,joseph moore,faisalabad,2025-07-30
1234,mark pineda,faisalabad,2024-11-17
1235,brandi hawkins,multan,2025-05-03
1236,michaela flores,peshawar,2023-07-04
1237,olivia contreras,karachi,2025-09-05
1238,theresa harris,lahore,2024-01-06
1239,yolanda villarreal,karachi,2025-06-07
1240,tina thompson,faisalabad,2024-10-13
1241,jennifer stewart,faisalabad,2024-08-25
1242,christine cole,islamabad,2024-11-23
1243,veronica pearson,peshawar,2025-04-24
1244,mary fischer,karachi,2025-10-17
1245,sylvia moore,islamabad,2025-01-02
1246,mark flores,multan,2023-07-15
1247,jonathan smith,lahore,2026-01-08
1248,brent clark,unknown,2023-10-31
1249,kayla todd,multan,2025-09-09
1250,cameron ryan,peshawar,2023-11-05
1251,jessica clark,lahore,2025-11-01
1252,jessica gonzales,unknown,2025-07-23
1253,brian schmidt,peshawar,2024-04-18
1254,timothy hall,peshawar,2024-11-15
1255,john bennett,faisalabad,2025-07-08
1256,cynthia jackson,islamabad,2025-01-20
1257,kelly stewart,unknown,2024-07-21
1258,ms. jody baldwin,peshawar,2024-08-21
1259,michael woods,peshawar,2024-12-11
1260,kara davis,karachi,2025-11-01
1261,ronald richardson dds,faisalabad,2024-03-17
1262,april perez,lahore,2025-11-05
1263,sara morris,unknown,2024-06-03
1264,douglas thompson,karachi,2023-07-14
1265,sherry wilson,lahore,2023-10-26
1266,gregory anderson,faisalabad,2023-10-16
1267,christine harper,islamabad,2023-10-24
1268,gabriel hughes,unknown,2023-09-14
1269,jacob torres,karachi,2026-05-06
1270,toni smith,lahore,2024-05-07
1271,samantha shaffer,islamabad,2026-01-19
1272,tiffany chapman,peshawar,2026-03-30
1273,randy coleman,multan,2026-01-11
1274,heather hernandez,multan,2024-06-02
1275,kelly aguirre,unknown,2026-02-01
1276,terry miller,lahore,2026-01-11
1277,alan pearson,islamabad,2025-05-24
1278,justin perry,lahore,2024-11-03
1279,charles jordan,multan,2025-04-17
1280,kelly franklin,faisalabad,2023-08-31
1281,jamie carrillo,karachi,2024-03-21
1282,brian jones,peshawar,2023-09-07
1283,amy nelson,karachi,2026-06-13
1284,mary contreras,multan,2023-10-08
1285,mr. charles daniel jr.,unknown,2026-06-02
1286,laura blevins,unknown,2023-07-09
1287,diane ortega,faisalabad,2026-01-26
1288,kathleen graham,islamabad,2023-08-14
1289,robert floyd,karachi,2024-02-16
1290,chelsea christensen,peshawar,2024-04-01
1291,timothy snyder,islamabad,2023-11-25
1292,michael valdez,islamabad,2024-03-29
1293,martin perez,islamabad,2023-10-29
1294,michelle schultz,peshawar,2026-02-26
1295,linda phillips,islamabad,2025-09-14
1296,virginia henson,peshawar,2025-08-21
1297,shannon shea,faisalabad,2025-01-25
1298,michael wright,lahore,2024-11-26
1299,kevin lucas,peshawar,2024-06-06
1300,phillip johnson,faisalabad,2026-06-19
1301,sherri cordova,karachi,2025-07-20
1302,brandon morales,peshawar,2025-08-29
1303,andrew lynch,peshawar,2025-08-31
1304,patrick mccoy jr.,islamabad,2026-02-06
1305,whitney olsen,lahore,2026-01-21
1306,jose archer,lahore,2025-12-30
1307,ashley johnson,peshawar,2024-08-15
1308,willie hubbard,islamabad,2025-06-16
1309,bryan taylor,karachi,2025-10-31
1310,amanda livingston,multan,2026-04-28
1311,samantha simmons,peshawar,2025-06-11
1312,daniel gill,multan,2024-12-27
1313,andrew jackson,faisalabad,2025-02-06
1314,erin gordon,peshawar,2025-10-22
1315,gary thomas,multan,2025-10-11
1316,michael lee dvm,unknown,2025-04-02
1317,ruben moreno,multan,2024-08-11
1318,linda miller,multan,2024-01-31
1319,hector diaz,peshawar,2024-05-29
1320,tina stokes,karachi,2026-04-24
1321,roberto reynolds,multan,2025-03-10
1322,aaron pope,multan,2026-01-12
1323,tasha garcia,islamabad,2024-05-12
1324,stephanie smith,karachi,2025-11-28
1325,steven boyle,unknown,2026-05-27
1326,john vaughn,islamabad,2024-02-15
1327,jason douglas,unknown,2024-03-23
1328,caitlin thompson,multan,2025-05-08
1329,thomas rhodes,unknown,2023-11-23
1330,eric austin,faisalabad,2025-07-02
1331,joshua anderson,lahore,2025-02-04
1332,jeanne lewis,karachi,2024-07-09
1333,linda cardenas,lahore,2024-12-13
1334,james williams,multan,2025-04-06
1335,daniel best,karachi,2024-01-03
1336,toni baker,lahore,2024-03-01
1337,eric brown,multan,2026-03-29
1338,sarah gordon,multan,2023-12-07
1339,chad brown,unknown,2026-01-17
1340,wesley gonzalez,unknown,2024-10-06
1341,andrea white,faisalabad,2025-02-04
1342,linda sparks,islamabad,2025-12-10
1343,sandra williams,unknown,2024-10-06
1344,brooke hernandez,multan,2024-10-10
1345,robert navarro,multan,2025-09-01
1346,debbie cook,islamabad,2026-06-21
1347,kenneth parker,lahore,2025-09-10
1348,michele burton,multan,2025-02-28
1349,angel mcconnell,multan,2024-09-26
1350,charlotte owen,karachi,2024-02-24
1351,kathleen carrillo,islamabad,2024-08-13
1352,christopher griffith,lahore,2023-07-27
1353,russell mckinney,multan,2025-08-11
1354,robin sanchez,unknown,2024-02-29
1355,lisa woodard,peshawar,2026-04-07
1356,devin moore,islamabad,2025-04-14
1357,ricardo myers,lahore,2025-10-25
1358,william hartman,multan,2023-08-30
1359,kayla brown,islamabad,2026-02-21
1360,leah baker,islamabad,2025-01-02
1361,kelly wilson,islamabad,2026-05-26
1362,cynthia mann,multan,2025-06-27
1363,jennifer kennedy,faisalabad,2026-03-11
1364,cassandra lewis,karachi,2025-10-22
1365,brian johnson,faisalabad,2025-12-24
1366,veronica foley,lahore,2023-11-11
1367,jennifer lyons,faisalabad,2025-11-10
1368,ryan thompson,unknown,2026-02-25
1369,adrian grimes,islamabad,2026-01-05
1370,jose reese,peshawar,2024-05-23
1371,kevin bennett,lahore,2024-07-22
1372,michael lawson,lahore,2023-11-14
1373,allison webb,islamabad,2025-02-24
1374,alicia malone,faisalabad,2024-09-03
1375,anthony casey,unknown,2024-06-23
1376,pamela richards,karachi,2024-01-03
1377,heather hopkins,faisalabad,2023-06-25
1378,david hurst jr.,faisalabad,2023-11-28
1379,paul hutchinson,lahore,2024-08-27
1380,jacqueline hood,karachi,2024-09-15
1381,joseph blanchard,islamabad,2023-12-06
1382,jeremiah bray,faisalabad,2025-04-16
1383,mike brown,karachi,2025-07-15
1384,andrew obrien,faisalabad,2024-09-05
1385,tiffany jackson,islamabad,2024-07-20
1386,philip ryan,islamabad,2024-07-15
1387,jeremy ross,multan,2023-11-05
1388,justin morrison,peshawar,2025-12-26
1389,john johnson,faisalabad,2023-07-29
1390,samantha jordan,faisalabad,2026-05-21
1391,joseph herrera md,faisalabad,2026-01-26
1392,amy smith,peshawar,2024-03-27
1393,ricky may,islamabad,2025-02-01
1394,michael brock,unknown,2026-04-21
1395,scott harding,islamabad,2025-05-27
1396,alyssa rivera,peshawar,2025-11-01
1397,samantha king,multan,2026-05-27
1398,sarah gonzalez,islamabad,2025-12-29
1399,jeremy page,unknown,2024-03-21
1400,christina mathis,peshawar,2023-11-04
1401,james tyler,faisalabad,2023-09-26
1402,margaret pierce,islamabad,2023-08-22
1403,bradley salas,unknown,2024-01-29
1404,robert brown,faisalabad,2024-11-20
1405,paula martinez,peshawar,2026-03-22
1406,jesse miller,faisalabad,2024-10-08
1407,christopher howard,karachi,2026-03-01
1408,steven hansen,peshawar,2025-03-04
1409,isaac murphy,faisalabad,2023-07-27
1410,lisa king,karachi,2024-03-03
1411,alan callahan,karachi,2025-04-28
1412,stephanie thompson,faisalabad,2026-01-18
1413,angelica vaughn,lahore,2024-12-08
1414,richard king,lahore,2025-04-08
1415,juan shea,islamabad,2024-12-02
1416,peter rios,karachi,2023-07-13
1417,john newman,peshawar,2024-12-04
1418,james martinez,multan,2026-04-23
1419,steven mcclain,unknown,2024-07-15
1420,colleen aguilar,multan,2025-03-01
1421,dorothy hull,peshawar,2024-04-23
1422,jesus crawford,peshawar,2024-02-07
1423,tyler schultz,faisalabad,2025-05-31
1424,denise hale,faisalabad,2025-09-05
1425,patrick lee,peshawar,2026-06-05
1426,richard mcdaniel,faisalabad,2024-09-14
1427,amy jackson,islamabad,2025-05-14
1428,mark molina,multan,2025-02-18
1429,william bartlett,islamabad,2023-10-30
1430,cassidy mccann,islamabad,2023-10-13
1431,matthew reed,unknown,2024-01-25
1432,christopher lyons,peshawar,2026-01-13
1433,darrell pham,unknown,2025-12-22
1434,mary freeman,islamabad,2024-10-24
1435,danielle clark,multan,2023-09-07
1436,anthony jarvis,karachi,2023-08-10
1437,amanda hebert,faisalabad,2024-05-04
1438,sarah sanchez,karachi,2023-10-17
1439,angela stevens,unknown,2026-05-18
1440,barbara johnson,peshawar,2025-07-14
1441,matthew smith,peshawar,2025-12-14
1442,joseph rogers,multan,2025-08-05
1443,paula daniels,multan,2024-08-20
1444,travis choi,faisalabad,2023-12-22
1445,courtney little,islamabad,2025-05-10
1446,matthew mora,lahore,2023-07-19
1447,denise moss,peshawar,2023-07-22
1448,carol wilson,multan,2025-05-29
1449,lori hahn,unknown,2026-06-01
1450,wendy sloan,unknown,2024-08-23
1451,kimberly vargas,islamabad,2025-03-28
1452,kathryn sanford,islamabad,2024-08-07
1453,clarence phillips,lahore,2024-05-04
1454,jenny nguyen,multan,2024-03-29
1455,sierra hall,islamabad,2026-04-24
1456,bruce moore,multan,2026-05-16
1457,douglas parks,karachi,2025-05-05
1458,keith curtis,islamabad,2024-12-14
1459,benjamin shaw,peshawar,2026-02-15
1460,margaret lee,karachi,2025-10-01
1461,ricky cohen,faisalabad,2026-01-20
1462,daniel myers,faisalabad,2026-05-13
1463,rachel hart,karachi,2023-08-04
1464,carmen stout,peshawar,2024-02-09
1465,robert holmes,karachi,2023-09-28
1466,gregory wall,karachi,2024-09-04
1467,stacy jacobson,lahore,2026-03-11
1468,suzanne wood,islamabad,2025-06-12
1469,dustin white,multan,2025-06-02
1470,tammy baker,peshawar,2026-04-08
1471,anthony burns,lahore,2023-07-17
1472,gilbert hill,karachi,2025-05-28
1473,tina smith,peshawar,2024-09-13
1474,jenna gordon,multan,2023-10-27
1475,yvette mcconnell,karachi,2025-11-18
1476,joseph cole,islamabad,2024-03-09
1477,ashley cooper,peshawar,2023-12-19
1478,wyatt smith,unknown,2024-01-29
1479,brian holmes,peshawar,2026-03-12
1480,wendy johnson,karachi,2025-02-06
1481,samuel santiago,peshawar,2023-07-18
1482,david murray,unknown,2024-11-28
1483,matthew brown,karachi,2025-09-29
1484,patricia taylor,unknown,2024-05-20
1485,lynn garrett,lahore,2026-02-11
1486,joseph cruz,unknown,2023-07-09
1487,alan harris jr.,karachi,2023-11-21
1488,joseph johnson,unknown,2023-12-20
1489,evan payne,lahore,2026-03-21
1490,rebecca morgan,islamabad,2025-07-16
1491,eugene giles,faisalabad,2025-06-22
1492,sharon barker,islamabad,2024-01-28
1493,christopher smith,multan,2025-03-30
1494,joshua johnson,faisalabad,2024-12-27
1495,jonathan ponce,multan,2024-08-19
1496,jeffrey johnson,unknown,2024-04-17
1497,anna davis,multan,2024-08-02
1498,lisa fitzgerald,karachi,2024-02-02
1499,susan wilson,islamabad,2024-02-16
1500,ian scott,peshawar,2025-07-26
1501,robin jordan,peshawar,2024-12-14
1502,renee anderson,peshawar,2024-02-05
1503,regina newman,lahore,2023-07-02
1504,veronica williams,islamabad,2024-12-22
1505,sheila snyder,faisalabad,2026-02-04
1506,michael murray,unknown,2025-06-03
1507,rachael butler,karachi,2025-09-14
1508,tiffany brown,unknown,2025-09-27
1509,anna hughes,multan,2024-10-12
1510,kathleen crawford,faisalabad,2024-06-09
1511,scott parker,lahore,2024-07-27
1512,dr. julie thomas,peshawar,2024-02-20
1513,taylor cochran,karachi,2025-06-26
1514,gregory jones,multan,2024-12-18
1515,desiree herrera,karachi,2025-02-20
1516,robert rodriguez,islamabad,2025-10-15
1517,patricia harvey,karachi,2023-12-22
1518,lindsey thomas,unknown,2026-05-18
1519,lauren stevens,islamabad,2023-07-30
1520,juan mack,faisalabad,2026-01-30
1521,justin wilson,faisalabad,2025-10-21
1522,janet gates,islamabad,2026-06-18
1523,jason williams,islamabad,2023-12-31
1524,krista dickson,karachi,2024-07-31
1525,brittany shaw,peshawar,2026-03-07
1526,william foster,multan,2025-12-16
1527,cody white,karachi,2024-11-09
1528,barbara baker,peshawar,2024-12-02
1529,tiffany james,peshawar,2024-10-17
1530,alicia murray,peshawar,2023-09-30
1531,eric jones,peshawar,2025-11-18
1532,jennifer morris,islamabad,2025-01-26
1533,kathy cantrell,karachi,2023-07-31
1534,barbara myers,karachi,2026-04-15
1535,julie brooks,karachi,2024-02-04
1536,kenneth phillips,peshawar,2023-12-19
1537,nathaniel young,islamabad,2024-09-05
1538,jennifer browning,peshawar,2025-03-08
1539,anna fernandez,multan,2024-04-23
1540,sean johnson,unknown,2024-09-09
1541,dawn whitney,unknown,2025-05-09
1542,sharon white,unknown,2024-02-14
1543,michael taylor,peshawar,2025-11-20
1544,julian washington,unknown,2025-07-29
1545,david brown,faisalabad,2024-12-15
1546,terry elliott,faisalabad,2025-08-28
1547,ernest greene,islamabad,2026-04-12
1548,bobby pham,faisalabad,2025-04-26
1549,michael bishop,lahore,2026-01-13
1550,stephen williams,faisalabad,2025-06-29
1551,audrey smith,faisalabad,2024-07-05
1552,charles bates,karachi,2024-08-01
1553,jessica wells,islamabad,2025-08-04
1554,kyle nguyen,multan,2026-06-15
1555,mary ford,peshawar,2025-09-25
1556,barbara acevedo,peshawar,2024-06-26
1557,emily love,multan,2026-02-25
1558,theresa lewis,faisalabad,2024-04-26
1559,daniel payne,unknown,2025-02-10
1560,brian cole,multan,2023-07-05
1561,sarah anderson,faisalabad,2025-01-22
1562,amy wise,multan,2024-04-30
1563,joshua page,lahore,2024-02-09
1564,sara garcia,multan,2023-09-04
1565,anita skinner,unknown,2024-08-04
1566,brandi morris,peshawar,2024-09-30
1567,jeffrey pierce,multan,2026-01-10
1568,cynthia rogers,unknown,2023-09-17
1569,gina howard,peshawar,2025-02-15
1570,jason bennett,faisalabad,2025-07-01
1571,nicole moreno,lahore,2025-10-10
1572,julie allen,islamabad,2024-02-19
1573,miss lisa schroeder,lahore,2025-10-07
1574,cynthia miller,lahore,2023-09-28
1575,robert hines,multan,2025-04-21
1576,nicole weaver,islamabad,2023-11-20
1577,edward collins,karachi,2024-04-12
1578,stephen brown,unknown,2024-07-27
1579,aaron mccall,peshawar,2024-06-26
1580,ryan horton,multan,2026-03-25
1581,matthew hensley,multan,2024-11-08
1582,stephen nelson,unknown,2023-07-17
1583,mark morgan,multan,2024-02-24
1584,william evans,peshawar,2025-02-03
1585,pamela castro,unknown,2025-06-26
1586,philip oliver,karachi,2025-12-29
1587,tiffany huber,unknown,2023-08-03
1588,mr. christopher garcia,lahore,2025-03-31
1589,william murphy,faisalabad,2025-09-04
1590,derek castillo,faisalabad,2024-07-23
1591,dawn anderson,peshawar,2025-04-28
1592,bryan flowers,unknown,2024-08-28
1593,john warner,unknown,2026-04-24
1594,leslie gray,islamabad,2024-09-19
1595,willie ward,peshawar,2025-10-23
1596,laura brown,faisalabad,2025-12-09
1597,robert navarro,faisalabad,2025-12-09
1598,nathan casey,unknown,2026-02-22
1599,charles turner,karachi,2026-01-13
1600,garrett bowers,islamabad,2026-05-31
1601,robert rodriguez,islamabad,2025-01-29
1602,jason grant,peshawar,2024-01-01
1603,laura patel,lahore,2025-05-28
1604,jennifer steele,multan,2023-09-07
1605,anna campbell,unknown,2025-07-06
1606,kristin wang,karachi,2023-07-04
1607,caitlin perez,lahore,2023-07-05
1608,heather jones,faisalabad,2023-10-13
1609,savannah coffey,multan,2025-06-11
1610,christopher mack,peshawar,2025-02-21
1611,mary pineda,unknown,2024-01-02
1612,william white,karachi,2023-10-18
1613,natalie robinson,lahore,2024-02-07
1614,keith gonzalez,multan,2024-12-27
1615,jared hall,faisalabad,2025-10-14
1616,haley williams,unknown,2024-01-09
1617,lindsay blanchard,karachi,2025-07-16
1618,eugene chang,islamabad,2024-03-23
1619,anthony ayers,unknown,2025-07-02
1620,amy elliott,faisalabad,2024-06-03
1621,stephanie griffith,faisalabad,2024-09-20
1622,robert brown,unknown,2024-01-19
1623,paul perkins,unknown,2025-04-24
1624,amanda ross,karachi,2023-12-04
1625,daniel anderson,karachi,2026-03-10
1626,julie bradley,faisalabad,2025-11-25
1627,evan mejia,multan,2024-02-06
1628,andrew palmer,islamabad,2024-11-13
1629,shelley robinson,faisalabad,2024-06-30
1630,robert smith,peshawar,2026-01-01
1631,vickie ross,peshawar,2025-02-11
1632,gary charles,multan,2025-05-11
1633,james thompson,multan,2023-08-16
1634,timothy fry,islamabad,2025-07-15
1635,terry rodriguez,peshawar,2025-03-02
1636,laura newman,unknown,2023-10-08
1637,peter morris,islamabad,2023-10-22
1638,tracy martinez,multan,2024-08-06
1639,leah elliott,karachi,2025-04-21
1640,zachary garcia,multan,2024-06-22
1641,anthony reilly,unknown,2024-06-20
1642,craig carr,multan,2023-09-15
1643,peter meyer,unknown,2025-03-19
1644,lucas montgomery,islamabad,2025-12-14
1645,kim kemp,karachi,2023-08-12
1646,debra mayer,lahore,2023-08-26
1647,amy morse,multan,2024-07-19
1648,robin miller,faisalabad,2023-08-11
1649,megan baldwin,karachi,2024-11-13
1650,anthony roy jr.,karachi,2023-11-13
1651,anna holden,karachi,2023-10-08
1652,douglas gray,peshawar,2024-06-06
1653,christopher davila,multan,2024-01-25
1654,dr. rhonda carney,lahore,2025-11-12
1655,sandra cain,peshawar,2023-07-14
1656,tyler coleman,lahore,2024-08-14
1657,sheri peterson,multan,2025-04-02
1658,lori howell,faisalabad,2023-11-14
1659,christie luna,lahore,2024-03-14
1660,keith nunez,karachi,2023-07-29
1661,christopher dodson,peshawar,2026-04-27
1662,melissa jones,faisalabad,2023-09-05
1663,bridget long,multan,2023-08-09
1664,amy green,unknown,2024-10-26
1665,christine moore,islamabad,2025-02-26
1666,becky york,karachi,2024-10-28
1667,nancy turner,peshawar,2025-03-12
1668,michael olsen,peshawar,2024-09-09
1669,carol martin,karachi,2023-12-16
1670,alan diaz,faisalabad,2024-02-03
1671,michael juarez,karachi,2026-03-19
1672,elizabeth swanson,karachi,2023-08-27
1673,jason hernandez,islamabad,2024-08-25
1674,erin powell,multan,2026-04-25
1675,dana atkins,faisalabad,2025-02-08
1676,anthony powell,islamabad,2025-08-13
1677,meghan jones,islamabad,2025-08-23
1678,francisco simmons,faisalabad,2024-10-25
1679,laurie vincent,multan,2023-11-10
1680,henry adkins,unknown,2025-04-18
1681,jeffrey kelly,multan,2024-09-17
1682,ashley sullivan,karachi,2023-10-28
1683,shawn miller,islamabad,2026-05-28
1684,olivia sharp,lahore,2025-11-29
1685,jessica herrera,unknown,2025-04-05
1686,sarah davis,peshawar,2025-09-19
1687,sarah shaw,lahore,2024-10-17
1688,joseph mcintyre,faisalabad,2025-05-11
1689,mary long,faisalabad,2024-06-16
1690,brian todd,multan,2023-07-16
1691,christine brown,karachi,2024-05-05
1692,anthony hudson,islamabad,2023-08-29
1693,mrs. amy patterson,multan,2023-12-05
1694,betty hammond,unknown,2025-12-31
1695,susan parks,multan,2025-04-17
1696,troy boyer,peshawar,2026-06-17
1697,perry davis,islamabad,2025-08-27
1698,daniel marsh,unknown,2024-06-02
1699,michele higgins,peshawar,2024-10-23
1700,todd myers,peshawar,2026-02-23
1701,robin morales,multan,2024-07-04
1702,larry powell,peshawar,2025-09-30
1703,robert jackson,karachi,2023-09-09
1704,robert johnson,peshawar,2025-08-01
1705,ronald schmitt,multan,2026-06-01
1706,brian hester,faisalabad,2025-04-01
1707,juan anderson,lahore,2023-10-08
1708,mr. eugene weber,lahore,2023-12-30
1709,michael bridges,unknown,2026-05-23
1710,monica jones,lahore,2026-05-16
1711,donald rhodes,multan,2025-11-17
1712,robert brown,unknown,2023-10-20
1713,taylor wilkinson,karachi,2023-11-18
1714,michael robinson,peshawar,2025-06-13
1715,sandra reynolds,lahore,2025-09-17
1716,desiree hernandez,faisalabad,2025-10-29
1717,shane cummings md,islamabad,2024-11-12
1718,angela wilkinson,faisalabad,2024-07-20
1719,yvette diaz,peshawar,2025-05-09
1720,kathleen thompson,multan,2025-08-08
1721,nicholas crawford,multan,2023-11-20
1722,megan harris,lahore,2026-02-09
1723,joshua gonzalez,faisalabad,2024-11-14
1724,erin moore,lahore,2025-11-19
1725,maria hernandez,faisalabad,2025-11-24
1726,tammy brown,islamabad,2024-12-17
1727,jacob bolton,islamabad,2026-05-02
1728,timothy meyer,faisalabad,2024-12-01
1729,olivia robertson,peshawar,2026-05-15
1730,nichole torres,unknown,2025-09-05
1731,lori mcdaniel,lahore,2023-11-30
1732,tiffany bradley,faisalabad,2025-02-03
1733,amanda harrison,karachi,2025-08-27
1734,nina cooper,faisalabad,2024-02-20
1735,kelly wade,islamabad,2024-12-22
1736,kathryn brown,islamabad,2025-02-02
1737,stacy rodriguez,lahore,2024-07-06
1738,james brown,multan,2026-01-14
1739,adam dennis,faisalabad,2024-12-13
1740,haley hughes,peshawar,2025-02-27
1741,victoria stewart,islamabad,2023-09-24
1742,ryan mullen,unknown,2023-08-06
1743,shelby rodriguez,peshawar,2024-03-18
1744,tyler velasquez,unknown,2023-09-25
1745,dakota gutierrez,lahore,2024-10-08
1746,sydney sampson,multan,2024-01-25
1747,janet hayes,faisalabad,2025-12-20
1748,wayne garcia,lahore,2025-10-04
1749,randy larson,lahore,2023-11-21
1750,kimberly hancock,karachi,2026-03-14
1751,david lopez,multan,2023-11-29
1752,chloe reed,peshawar,2025-11-22
1753,robert blake,faisalabad,2025-08-25
1754,christine hall,faisalabad,2026-03-31
1755,ashley johnson,karachi,2024-07-11
1756,shannon fisher,unknown,2025-11-08
1757,ryan smith,faisalabad,2024-06-19
1758,kristi smith,islamabad,2025-05-29
1759,andrew morales,lahore,2024-06-23
1760,heather lamb,islamabad,2023-08-09
1761,alexander schneider,faisalabad,2025-10-18
1762,lawrence paul,lahore,2024-10-19
1763,amanda schultz,unknown,2025-06-23
1764,lori smith,lahore,2023-08-19
1765,lisa griffin,faisalabad,2025-07-13
1766,daniel mitchell,unknown,2025-05-22
1767,corey newman,unknown,2023-08-04
1768,lisa jones,lahore,2026-05-16
1769,mark ho,karachi,2023-08-28
1770,megan lee,karachi,2024-10-08
1771,alexis english,unknown,2024-05-28
1772,jacob smith,peshawar,2024-11-24
1773,mr. christopher branch,islamabad,2026-02-06
1774,michael cardenas,unknown,2026-04-23
1775,connie hansen,karachi,2025-01-08
1776,jessica davis,peshawar,2024-08-17
1777,katherine knapp,faisalabad,2024-09-14
1778,angela cummings,islamabad,2026-01-04
1779,jonathan clark,lahore,2025-01-01
1780,mrs. taylor ayala,karachi,2025-11-04
1781,eileen west,islamabad,2023-10-03
1782,eric guerrero,unknown,2026-04-04
1783,danielle valdez,faisalabad,2024-10-30
1784,anthony russell,unknown,2024-10-12
1785,elizabeth jones,lahore,2025-02-17
1786,jorge cruz,islamabad,2023-09-27
1787,sara robinson,multan,2025-08-06
1788,jonathan roach,islamabad,2026-03-12
1789,christina conrad,multan,2024-10-23
1790,danielle winters,karachi,2026-05-11
1791,john holt,faisalabad,2026-05-11
1792,patrick zavala,multan,2025-05-20
1793,rebekah howard,unknown,2023-12-14
1794,john kline,islamabad,2025-02-28
1795,xavier martinez,peshawar,2024-10-26
1796,jeremy fernandez,lahore,2023-09-14
1797,jesse davis,karachi,2026-03-22
1798,barbara pace,peshawar,2024-06-02
1799,todd brown,karachi,2024-09-20
1800,katie caldwell dds,multan,2024-10-25
1801,ashley kirby,islamabad,2025-05-21
1802,kathy goodman,lahore,2026-04-05
1803,katie heath,islamabad,2024-05-09
1804,nicholas wiley,islamabad,2025-08-22
1805,steven marks,lahore,2024-07-17
1806,andrea short,lahore,2026-03-16
1807,lori hunter,multan,2024-12-23
1808,cynthia ellis,faisalabad,2025-02-11
1809,annette king,faisalabad,2025-04-20
1810,jessica foster,lahore,2024-07-09
1811,kayla ferguson,lahore,2024-11-14
1812,ronald romero,faisalabad,2023-07-20
1813,christopher perry,faisalabad,2024-12-30
1814,julia patterson,unknown,2025-10-12
1815,nathan lowery,unknown,2024-03-19
1816,whitney clark,lahore,2023-11-21
1817,kevin brown,multan,2023-12-24
1818,dominique grant,unknown,2025-03-15
1819,carla strong,peshawar,2023-09-09
1820,natalie duncan,karachi,2023-12-18
1821,brandi bates,faisalabad,2025-11-25
1822,michael lee,peshawar,2023-08-11
1823,amy paul,karachi,2024-10-03
1824,pamela smith,islamabad,2024-11-07
1825,christopher mccall,islamabad,2024-04-11
1826,benjamin morgan,karachi,2023-07-20
1827,dale johnson,karachi,2024-09-15
1828,mark barnes,islamabad,2025-05-24
1829,jessica guzman,islamabad,2025-05-31
1830,tanya williams,unknown,2025-03-15
1831,stacie perez,islamabad,2024-02-11
1832,brittany harris,karachi,2025-12-22
1833,dorothy ross,peshawar,2023-10-17
1834,jennifer anderson,faisalabad,2025-10-01
1835,jackie paul,karachi,2023-07-21
1836,angela gross,lahore,2024-02-13
1837,derrick smith,islamabad,2024-02-24
1838,felicia berry,multan,2024-06-16
1839,bruce murphy,unknown,2026-02-15
1840,jessica allen,multan,2025-06-01
1841,angela morris,multan,2025-03-17
1842,roy rodriguez,multan,2024-07-27
1843,henry smith,faisalabad,2024-08-13
1844,dakota jones,islamabad,2023-07-08
1845,carlos smith,faisalabad,2024-04-19
1846,andrea webster,karachi,2025-01-29
1847,jaime chavez,islamabad,2025-09-21
1848,heather morgan,multan,2024-11-18
1849,justin stout,islamabad,2024-04-02
1850,leslie saunders,peshawar,2025-11-18
1851,rhonda chen,multan,2024-08-02
1852,michael bowen,unknown,2026-02-22
1853,jonathan hernandez,islamabad,2025-05-19
1854,rebekah miller,islamabad,2026-06-22
1855,travis brown,islamabad,2023-11-21
1856,ryan maldonado,faisalabad,2024-11-07
1857,beverly fox,faisalabad,2025-05-26
1858,brandi white,karachi,2024-05-01
1859,rebecca hicks,unknown,2023-07-17
1860,becky lane,lahore,2025-04-02
1861,robert hampton,multan,2025-12-09
1862,james huerta,karachi,2024-11-20
1863,kellie jackson,unknown,2025-04-25
1864,william grant,unknown,2025-05-27
1865,michael small,lahore,2024-04-12
1866,erica fitzgerald,peshawar,2026-01-25
1867,larry miller,karachi,2025-01-29
1868,stephen gutierrez,islamabad,2024-09-18
1869,michelle taylor,islamabad,2026-03-29
1870,lisa randall,karachi,2025-07-11
1871,cassie gibson,multan,2025-05-13
1872,sean brown md,lahore,2025-07-03
1873,kevin kennedy,faisalabad,2025-06-30
1874,ashley sanders,faisalabad,2026-01-30
1875,william smith,faisalabad,2025-01-06
1876,christopher murphy,unknown,2025-12-17
1877,kenneth martinez,multan,2024-04-11
1878,tony baker,lahore,2024-01-09
1879,ryan wright,peshawar,2025-07-04
1880,sheri cunningham,faisalabad,2025-12-29
1881,jacob johnson,lahore,2025-05-15
1882,sheryl velez,unknown,2025-04-09
1883,makayla burke md,peshawar,2024-03-11
1884,brittany vega,islamabad,2023-08-18
1885,rachel harper,peshawar,2023-12-25
1886,kimberly baker,lahore,2025-06-12
1887,alyssa thomas,peshawar,2024-03-27
1888,chad green,peshawar,2025-11-08
1889,joseph chandler jr.,unknown,2025-04-18
1890,krystal moore,unknown,2025-06-08
1891,stephanie york,lahore,2025-07-12
1892,jennifer gordon,lahore,2026-04-11
1893,brian rivera,karachi,2026-03-20
1894,catherine jackson,peshawar,2024-06-13
1895,katie osborn,faisalabad,2025-07-07
1896,kayla mckenzie,peshawar,2025-12-22
1897,steven lewis,karachi,2025-11-29
1898,mary cardenas,islamabad,2024-04-08
1899,gregory perry,multan,2026-05-18
1900,jared brooks,faisalabad,2024-04-03
1901,allison lee,faisalabad,2025-09-07
1902,dr. gabrielle watson,islamabad,2023-10-05
1903,jeffrey schneider,multan,2025-01-11
1904,emily jones,islamabad,2024-08-09
1905,jodi hill,lahore,2024-05-27
1906,thomas anthony,unknown,2023-06-30
1907,charles chang,karachi,2025-01-24
1908,richard wolfe,islamabad,2024-12-02
1909,catherine huffman,multan,2024-10-25
1910,annette holmes,faisalabad,2025-08-25
1911,dr. william yates,islamabad,2025-07-11
1912,david mendoza,lahore,2025-06-13
1913,oscar snyder,peshawar,2024-02-22
1914,austin mathews,multan,2023-10-14
1915,robert williams,lahore,2025-06-10
1916,brad wright,lahore,2024-04-09
1917,mr. nathan perry,lahore,2023-08-08
1918,matthew figueroa,unknown,2025-12-16
1919,tammy parrish,peshawar,2025-06-07
1920,jaime brown,peshawar,2024-10-25
1921,gary cook,peshawar,2024-04-20
1922,jessica lyons,faisalabad,2025-06-03
1923,blake thomas,faisalabad,2024-08-09
1924,donald lucas,islamabad,2024-09-04
1925,jerry flowers,multan,2024-01-07
1926,kevin bryan,karachi,2023-12-18
1927,allison wells,peshawar,2025-11-30
1928,lisa ortiz,karachi,2025-06-25
1929,jonathon smith,peshawar,2026-03-21
1930,robert moreno,multan,2023-08-05
1931,patricia shannon,peshawar,2023-06-28
1932,john campos,karachi,2024-08-30
1933,andrea greene,faisalabad,2023-07-19
1934,aaron gardner,multan,2024-08-31
1935,charles anderson,peshawar,2026-06-08
1936,erin chavez,karachi,2025-02-07
1937,andrew myers,unknown,2024-08-18
1938,elizabeth hart,unknown,2024-11-02
1939,brandy mclean,faisalabad,2023-09-10
1940,margaret myers,unknown,2025-04-07
1941,nancy trevino,karachi,2025-09-06
1942,melissa martinez,islamabad,2024-05-12
1943,cindy campbell,multan,2026-06-09
1944,dawn fuller,islamabad,2025-12-18
1945,desiree simmons,unknown,2024-08-17
1946,andrea ayala,faisalabad,2024-01-10
1947,tammy lopez,islamabad,2025-01-04
1948,cynthia martinez,multan,2026-05-06
1949,brittany young,multan,2025-12-12
1950,william allen,lahore,2025-11-18
1951,paula williams,islamabad,2025-08-30
1952,stacy cummings,faisalabad,2024-12-18
1953,jason fitzgerald,unknown,2024-02-08
1954,david obrien,peshawar,2025-02-17
1955,cynthia ayala,faisalabad,2024-12-16
1956,amber zhang,lahore,2024-01-04
1957,ann garcia,karachi,2026-01-16
1958,wayne hayes,lahore,2026-01-29
1959,nathaniel nelson,islamabad,2024-12-08
1960,edward goodwin,karachi,2024-03-19
1961,erika hester,peshawar,2024-08-09
1962,matthew smith,faisalabad,2025-10-13
1963,kimberly mendoza,multan,2026-03-22
1964,laura duncan,karachi,2023-12-25
1965,morgan johnson,multan,2024-04-30
1966,rebecca walker,karachi,2023-09-26
1967,thomas gallegos,peshawar,2025-04-28
1968,paul morris,peshawar,2025-02-01
1969,john melton,karachi,2026-03-05
1970,eric johnson,karachi,2025-10-18
1971,aaron jordan,islamabad,2025-08-11
1972,cory rodriguez,karachi,2025-08-31
1973,alexandria murray,unknown,2024-07-22
1974,ashley hoffman,faisalabad,2024-05-27
1975,evelyn flores,unknown,2025-12-04
1976,ashley mills,lahore,2023-10-11
1977,xavier adkins,karachi,2024-11-18
1978,jon klein,unknown,2026-01-28
1979,ricky lane,faisalabad,2025-01-23
1980,jason herrera,peshawar,2026-05-19
1981,nicholas morris,multan,2023-10-30
1982,monica payne,multan,2024-05-17
1983,thomas watts,peshawar,2025-10-14
1984,dana richmond,multan,2026-06-08
1985,debra gardner,lahore,2025-09-06
1986,mr. robert roth,lahore,2024-05-20
1987,maureen baker,islamabad,2024-11-04
1988,tracy castillo,islamabad,2025-01-31
1989,sarah snow,faisalabad,2025-05-01
1990,wanda silva,karachi,2026-01-09
1991,jeffrey huynh,faisalabad,2025-01-19
1992,peter perez,unknown,2025-12-09
1993,samantha hooper,faisalabad,2025-09-07
1994,walter castro,lahore,2024-12-19
1995,gail wells dvm,lahore,2025-12-22
1996,joseph gordon,unknown,2026-01-31
1997,tracy robinson,unknown,2023-08-10
1998,amber miller,faisalabad,2023-10-23
1999,nicholas odonnell,unknown,2024-10-23
2000,cynthia brown,multan,2023-09-28
